{
  "hash": "3adc9e92",
  "configHash": "677331e6",
  "lockfileHash": "317ae17b",
  "browserHash": "181c543f",
  "optimized": {
    "@angular/common": {
      "src": "../../../../../node_modules/@angular/common/fesm2022/common.mjs",
      "file": "@angular_common.js",
      "fileHash": "3264e22e",
      "needsInterop": false
    },
    "@angular/common/http": {
      "src": "../../../../../node_modules/@angular/common/fesm2022/http.mjs",
      "file": "@angular_common_http.js",
      "fileHash": "6fe9ac7a",
      "needsInterop": false
    },
    "@angular/core": {
      "src": "../../../../../node_modules/@angular/core/fesm2022/core.mjs",
      "file": "@angular_core.js",
      "fileHash": "3ae3c00d",
      "needsInterop": false
    },
    "@angular/forms": {
      "src": "../../../../../node_modules/@angular/forms/fesm2022/forms.mjs",
      "file": "@angular_forms.js",
      "fileHash": "7f9db8b1",
      "needsInterop": false
    },
    "@angular/platform-browser": {
      "src": "../../../../../node_modules/@angular/platform-browser/fesm2022/platform-browser.mjs",
      "file": "@angular_platform-browser.js",
      "fileHash": "738b976e",
      "needsInterop": false
    },
    "@angular/router": {
      "src": "../../../../../node_modules/@angular/router/fesm2022/router.mjs",
      "file": "@angular_router.js",
      "fileHash": "82c3e943",
      "needsInterop": false
    },
    "@auth0/angular-jwt": {
      "src": "../../../../../node_modules/@auth0/angular-jwt/fesm2020/auth0-angular-jwt.mjs",
      "file": "@auth0_angular-jwt.js",
      "fileHash": "ec0b3253",
      "needsInterop": false
    },
    "ng-angular-popup": {
      "src": "../../../../../node_modules/ng-angular-popup/fesm2022/ng-angular-popup.mjs",
      "file": "ng-angular-popup.js",
      "fileHash": "a4441e38",
      "needsInterop": false
    }
  },
  "chunks": {
    "chunk-CGOAHRO4": {
      "file": "chunk-CGOAHRO4.js"
    },
    "chunk-52S5LSFO": {
      "file": "chunk-52S5LSFO.js"
    },
    "chunk-VO7E6UKZ": {
      "file": "chunk-VO7E6UKZ.js"
    },
    "chunk-N25QQKSL": {
      "file": "chunk-N25QQKSL.js"
    }
  }
}